﻿[
  {
    "id": 2,
    "name": "OBRAS PÚBLICAS - GUILLERMO",
    "isVisible": true,
    "incidents": [
      {
        "id": 7,
        "name": "Faltante suministro de agua (Comunitario)",
        "description": "Incidente relacionado con la falta de suministro de agua que afecta a varias viviendas o una comunidad.",
        "isVisible": true
      },
      {
        "id": 12,
        "name": "Faltante suministro eléctrico (Comunitario)",
        "description": "Incidente relacionado con la falta de suministro eléctrico en una comunidad o varias viviendas.",
        "isVisible": true
      },
      {
        "id": 8,
        "name": "Fibra óptica (poste-cableado)",
        "description": "Incidente que involucra problemas con postes o cableado de fibra óptica en espacios públicos.",
        "isVisible": true
      },
      {
        "id": 9,
        "name": "Telered/Personal Flow (poste-cableado)",
        "description": "Problemas relacionados con postes o cableado de servicios como Telered o Personal Flow en espacios públicos.",
        "isVisible": true
      },
      {
        "id": 10,
        "name": "Retirado de poste en desuso (sin cableados)",
        "description": "Solicitud para retirar un poste en desuso que no contiene cableado activo.",
        "isVisible": true
      },
      {
        "id": 13,
        "name": "Faltante de tapas (cloaca-boca de tormenta)",
        "description": "Incidente relacionado con la ausencia de tapas en cloacas o bocas de tormenta, representando un peligro para los transeúntes.",
        "isVisible": true
      },
      {
        "id": 11,
        "name": "Sumideros",
        "description": "Problemas o necesidades de mantenimiento relacionados con sumideros en espacios públicos.",
        "isVisible": true
      }
    ],
    "areaType": {
      "id": 1,
      "name": "Municipal"
    }
  },
  {
    "id": 5,
    "name": "ALUMBRADO PÚBLICO",
    "isVisible": true,
    "incidents": [
      {
        "id": 21,
        "name": "Poste inclinado",
        "description": "Incidente donde un poste de alumbrado público se encuentra inclinado, representando un riesgo potencial.",
        "isVisible": true
      },
      {
        "id": 22,
        "name": "Poste caído",
        "description": "Reporte de un poste de alumbrado público que ha caído, generando peligro en la vía pública.",
        "isVisible": true
      },
      {
        "id": 26,
        "name": "Brazo de luminaria caída/colgando",
        "description": "Incidente donde el brazo de una luminaria pública está caído o colgando, con riesgo de caída.",
        "isVisible": true
      },
      {
        "id": 25,
        "name": "Poste de metal electrificado",
        "description": "Reporte de un poste de metal que está electrificado, representando un grave riesgo para la seguridad.",
        "isVisible": true
      },
      {
        "id": 23,
        "name": "Cableado generando chispazos",
        "description": "Incidente donde el cableado de alumbrado público está generando chispazos o cortocircuitos visibles.",
        "isVisible": true
      },
      {
        "id": 24,
        "name": "Semáforo (intermitente-sin funcionar)",
        "description": "Problema con un semáforo que se encuentra intermitente o fuera de funcionamiento, afectando el tránsito.",
        "isVisible": true
      }
    ],
    "areaType": {
      "id": 1,
      "name": "Municipal"
    }
  },
  {
    "id": 6,
    "name": "INSPECCIÓN COMUNITARIA",
    "isVisible": true,
    "incidents": [
      {
        "id": 27,
        "name": "Aguas servidas",
        "description": "Incidente relacionado con la presencia de aguas servidas en la vía pública, generando posibles riesgos sanitarios.",
        "isVisible": true
      },
      {
        "id": 29,
        "name": "Acopiado de ramas",
        "description": "Reporte de ramas acumuladas en la vía pública que obstruyen el paso o generan riesgos.",
        "isVisible": true
      },
      {
        "id": 31,
        "name": "Zanjeo",
        "description": "Solicitud o problema relacionado con trabajos de zanjeo en la comunidad, como obstrucciones o falta de mantenimiento.",
        "isVisible": true
      },
      {
        "id": 28,
        "name": "Basura en vereda",
        "description": "Reporte de acumulación de basura en las veredas, generando inconvenientes o riesgos sanitarios.",
        "isVisible": true
      },
      {
        "id": 30,
        "name": "Caída de cartelera en vía pública",
        "description": "Incidente donde una cartelera o estructura publicitaria ha caído en la vía pública, representando un peligro para los transeúntes.",
        "isVisible": true
      }
    ],
    "areaType": {
      "id": 1,
      "name": "Municipal"
    }
  },
  {
    "id": 7,
    "name": "GUARDIA AMBIENTAL",
    "isVisible": true,
    "incidents": [
      {
        "id": 32,
        "name": "Desechos químicos",
        "description": "Incidente relacionado con el manejo inadecuado, derrame o presencia de desechos químicos en el ambiente.",
        "isVisible": true
      },
      {
        "id": 33,
        "name": "Quema de basural",
        "description": "Reporte de quema de basura en espacios públicos o privados, generando contaminación ambiental y riesgos de salud.",
        "isVisible": true
      }
    ],
    "areaType": {
      "id": 1,
      "name": "Municipal"
    }
  },
  {
    "id": 8,
    "name": "DELEGACIONES",
    "isVisible": true,
    "incidents": [
      {
        "id": 34,
        "name": "Animales muertos",
        "description": "Reporte de animales muertos en la vía pública que requieren ser retirados para evitar riesgos sanitarios.",
        "isVisible": true
      },
      {
        "id": 35,
        "name": "Acopiado de ramas",
        "description": "Reporte de acumulación de ramas en espacios públicos que obstruyen el paso o generan riesgos.",
        "isVisible": true
      },
      {
        "id": 36,
        "name": "Acopiado de escombros",
        "description": "Incidente relacionado con la acumulación de escombros en espacios públicos o privados que afectan la circulación o generan riesgos.",
        "isVisible": true
      },
      {
        "id": 37,
        "name": "Pedido de agua",
        "description": "Solicitud para el suministro de agua en casos de emergencia o falta del servicio.",
        "isVisible": true
      }
    ],
    "areaType": {
      "id": 1,
      "name": "Municipal"
    }
  }
]
